admin,2025-03-20 12:47:16
admin,2025-03-20 12:47:16
admin,2025-03-20 12:47:16
admin,2025-03-20 12:49:25
admin,2025-03-20 12:49:48
admin,2025-03-20 12:58:52
admin,2025-03-21 08:57:12
pri,2025-03-21 09:13:17
admin,2025-03-21 09:40:18
admin,2025-03-21 09:42:34
admin,2025-03-21 09:42:39
admin,2025-03-21 09:42:42
admin,2025-03-21 09:42:43
admin,2025-03-21 09:42:48
admin,2025-03-21 09:42:50
admin,2025-03-21 09:42:53
admin,2025-03-21 09:43:01
admin,2025-03-21 10:06:56
admin,2025-03-21 10:07:09
admin,2025-03-21 10:07:18
admin,2025-03-21 10:07:26
admin,2025-03-21 10:07:38
admin,2025-03-21 10:07:50
oficina,2025-03-21 10:21:13
oficina,2025-03-21 10:21:29
admin,2025-03-21 10:21:55
admin,2025-03-21 10:21:58
admin,2025-03-21 10:23:22
admin,2025-03-21 10:23:28
admin,2025-03-21 10:25:08
admin,2025-03-21 10:25:14
admin,2025-03-21 10:27:01
admin,2025-03-21 10:27:03
admin,2025-03-21 10:27:33
admin,2025-03-21 10:27:37
admin,2025-03-21 10:27:48
admin,2025-03-21 10:27:50
oficina,2025-03-21 10:28:33
oficina,2025-03-21 10:28:37
admin,2025-03-21 10:29:20
admin,2025-03-21 10:29:24
oficina,2025-03-21 10:31:49
oficina,2025-03-21 10:31:55
oficina,2025-03-21 10:34:33
oficina,2025-03-21 10:34:37
oficina,2025-03-21 11:21:21
oficina,2025-03-21 11:21:34
admin,2025-03-21 11:22:01
admin,2025-03-21 11:22:04
admin,2025-03-21 11:23:22
admin,2025-03-21 11:23:25
admin,2025-03-21 11:24:56
admin,2025-03-21 11:25:00
admin,2025-03-21 11:25:18
admin,2025-03-21 11:25:30
admin,2025-03-21 11:25:31
admin,2025-03-21 11:25:36
admin,2025-03-21 11:25:37
admin,2025-03-21 11:25:41
admin,2025-03-21 11:25:42
admin,2025-03-21 11:25:43
admin,2025-03-21 11:25:45
admin,2025-03-21 11:25:46
admin,2025-03-21 11:25:49
admin,2025-03-21 11:26:16
admin,2025-03-21 11:26:32
admin,2025-03-21 11:26:36
admin,2025-03-21 11:26:41
admin,2025-03-21 11:27:32
admin,2025-03-21 11:27:36
admin,2025-03-21 11:27:40
admin,2025-03-21 11:27:47
admin,2025-03-21 11:27:54
admin,2025-03-21 11:28:27
admin,2025-03-21 11:28:34
admin,2025-03-21 11:28:43
admin,2025-03-21 11:28:47
admin,2025-03-21 11:30:58
admin,2025-03-21 11:31:01
admin,2025-03-21 11:31:45
admin,2025-03-21 11:31:48
admin,2025-03-21 11:32:40
admin,2025-03-21 11:32:47
admin,2025-03-21 11:32:51
admin,2025-03-21 11:33:02
admin,2025-03-21 11:33:09
oficina,2025-03-21 11:55:54
oficina,2025-03-21 11:56:08
oficina,2025-03-21 11:56:16
oficina,2025-03-21 11:56:24
oficina,2025-03-21 11:56:32
oficina,2025-03-21 11:56:37
oficina,2025-03-21 11:56:47
admin,2025-03-21 11:58:03
admin,2025-03-21 11:58:08
admin,2025-03-21 11:58:11
admin,2025-03-21 11:58:15
admin,2025-03-21 11:58:28
admin,2025-03-21 11:59:43
admin,2025-03-21 11:59:49
admin,2025-03-21 11:59:51
admin,2025-03-21 11:59:55
oficina,2025-03-21 12:00:51
oficina,2025-03-21 12:00:53
oficina,2025-03-21 12:00:56
oficina,2025-03-21 12:01:00
oficina,2025-03-21 12:01:04
admin,2025-03-21 12:02:28
admin,2025-03-21 12:02:31
admin,2025-03-21 12:02:32
admin,2025-03-21 12:02:36
admin,2025-03-21 12:02:45
